"Začiatok vykazovania","Koniec vykazovania","Názov kampane","Doručenie kampane","Nastavenie pričítania",Výsledky,"Result indicator",Dosah,Frekvencia,"Cena za výsledky","Rozpočet zostavy reklám","Typ rozpočtu zostavy reklám","Minutá suma (EUR)",Koniec,Impresie,"CPM (cena za 1000 impresií) (EUR)","Kliknutia na odkaz",shop_clicks,"CPC (cena za kliknutie na odkaz) (EUR)","CTR (miera prekliknutia odkazu)","Kliknutia (všetky)","CTR (všetko)","CPC (all) (EUR)","Pozretia cieľovej stránky","Cena za pozretie cieľovej stránky (EUR)","Results (initial)","Results (initial) indicator"
2026-08-08,2026-08-08,"(H) Promo postu",inactive,"7-day click or 1-day view",,,0,0,,"Using ad set budget",0,0,2026-06-29,0,0,,,,,0,0,0,,,,
2026-08-08,2026-08-08,"(H) Konverze",active,"7-day click, 1-day view, or 1-day engaged-view",3,actions:offsite_conversion.fb_pixel_purchase,3098,1.828922,11.89,"Using ad set budget",0,35.67,Prebieha,5666,6.295447,87,,0.41,1.535475,182,3.212143,0.195989,61,0.584754,,
2026-08-08,2026-08-08,"Filip | Sales | RMKT",inactive,"7-day click or 1-day engaged-view",,,0,0,,"Using ad set budget",0,0,Prebieha,0,0,,,,,0,0,0,,,,
2026-08-08,2026-08-08,"FilipZ | Sales | TOF",inactive,"Multiple attribution settings",,,0,0,,"Using ad set budget",0,0,Prebieha,0,0,,,,,0,0,0,,,,
2026-08-08,2026-08-08,"FilipZ | Traffic | LPV",inactive,"7-day click or 1-day view",,,0,0,,"Using ad set budget",0,0,Prebieha,0,0,,,,,0,0,0,,,,
2026-08-08,2026-08-08,"FilipZ | Traffic | Page likes",inactive,"1-day click",,,0,0,,"Using ad set budget",0,0,Prebieha,0,0,,,,,0,0,0,,,,
2026-08-07,2026-08-07,"(H) Promo postu",inactive,"7-day click or 1-day view",,,0,0,,"Using ad set budget",0,0,2026-06-29,0,0,,,,,0,0,0,,,,
2026-08-07,2026-08-07,"(H) Konverze",active,"7-day click, 1-day view, or 1-day engaged-view",2,actions:offsite_conversion.fb_pixel_purchase,3116,1.976573,16.27,"Using ad set budget",0,32.54,Prebieha,6159,5.283325,51,,0.638039,0.828057,115,1.867186,0.282957,33,0.986061,,
2026-08-07,2026-08-07,"Filip | Sales | RMKT",inactive,"7-day click or 1-day engaged-view",,,0,0,,"Using ad set budget",0,0,Prebieha,0,0,,,,,0,0,0,,,,
2026-08-07,2026-08-07,"FilipZ | Sales | TOF",inactive,"Multiple attribution settings",,,0,0,,"Using ad set budget",0,0,Prebieha,0,0,,,,,0,0,0,,,,
2026-08-07,2026-08-07,"FilipZ | Traffic | LPV",inactive,"7-day click or 1-day view",,,0,0,,"Using ad set budget",0,0,Prebieha,0,0,,,,,0,0,0,,,,
2026-08-07,2026-08-07,"FilipZ | Traffic | Page likes",inactive,"1-day click",,,0,0,,"Using ad set budget",0,0,Prebieha,0,0,,,,,0,0,0,,,,
2026-08-06,2026-08-06,"(H) Promo postu",inactive,"7-day click or 1-day view",,,0,0,,"Using ad set budget",0,0,2026-06-29,0,0,,,,,0,0,0,,,,
2026-08-06,2026-08-06,"(H) Konverze",active,"7-day click, 1-day view, or 1-day engaged-view",5,actions:offsite_conversion.fb_pixel_purchase,3170,1.997476,7.722,"Using ad set budget",0,38.61,Prebieha,6332,6.097599,99,,0.39,1.563487,181,2.858497,0.213315,63,0.612857,,
2026-08-06,2026-08-06,"Filip | Sales | RMKT",inactive,"7-day click or 1-day engaged-view",,,0,0,,"Using ad set budget",0,0,Prebieha,0,0,,,,,0,0,0,,,,
2026-08-06,2026-08-06,"FilipZ | Sales | TOF",inactive,"Multiple attribution settings",,,0,0,,"Using ad set budget",0,0,Prebieha,0,0,,,,,0,0,0,,,,
2026-08-06,2026-08-06,"FilipZ | Traffic | LPV",inactive,"7-day click or 1-day view",,,0,0,,"Using ad set budget",0,0,Prebieha,0,0,,,,,0,0,0,,,,
2026-08-06,2026-08-06,"FilipZ | Traffic | Page likes",inactive,"1-day click",,,0,0,,"Using ad set budget",0,0,Prebieha,0,0,,,,,0,0,0,,,,
2026-08-05,2026-08-05,"(H) Promo postu",inactive,"7-day click or 1-day view",,,0,0,,"Using ad set budget",0,0,2026-06-29,0,0,,,,,0,0,0,,,,
2026-08-05,2026-08-05,"(H) Konverze",active,"7-day click, 1-day view, or 1-day engaged-view",1,actions:offsite_conversion.fb_pixel_purchase,2506,2.241421,30.92,"Using ad set budget",0,30.92,Prebieha,5617,5.504718,46,,0.672174,0.818943,85,1.513263,0.363765,29,1.066207,,
2026-08-05,2026-08-05,"Filip | Sales | RMKT",inactive,"7-day click or 1-day engaged-view",,,0,0,,"Using ad set budget",0,0,Prebieha,0,0,,,,,0,0,0,,,,
2026-08-05,2026-08-05,"FilipZ | Sales | TOF",inactive,"Multiple attribution settings",,,0,0,,"Using ad set budget",0,0,Prebieha,0,0,,,,,0,0,0,,,,
2026-08-05,2026-08-05,"FilipZ | Traffic | LPV",inactive,"7-day click or 1-day view",,,0,0,,"Using ad set budget",0,0,Prebieha,0,0,,,,,0,0,0,,,,
2026-08-05,2026-08-05,"FilipZ | Traffic | Page likes",inactive,"1-day click",,,0,0,,"Using ad set budget",0,0,Prebieha,0,0,,,,,0,0,0,,,,
2026-08-04,2026-08-04,"(H) Promo postu",inactive,"7-day click or 1-day view",,,0,0,,"Using ad set budget",0,0,2026-06-29,0,0,,,,,0,0,0,,,,
2026-08-04,2026-08-04,"(H) Konverze",active,"7-day click, 1-day view, or 1-day engaged-view",1,actions:offsite_conversion.fb_pixel_purchase,3319,2.059054,39.53,"Using ad set budget",0,39.53,Prebieha,6834,5.784314,91,,0.434396,1.331577,188,2.750951,0.210266,57,0.693509,,
2026-08-04,2026-08-04,"Filip | Sales | RMKT",inactive,"7-day click or 1-day engaged-view",,,0,0,,"Using ad set budget",0,0,Prebieha,0,0,,,,,0,0,0,,,,
2026-08-04,2026-08-04,"FilipZ | Sales | TOF",inactive,"Multiple attribution settings",,,0,0,,"Using ad set budget",0,0,Prebieha,0,0,,,,,0,0,0,,,,
2026-08-04,2026-08-04,"FilipZ | Traffic | LPV",inactive,"7-day click or 1-day view",,,0,0,,"Using ad set budget",0,0,Prebieha,0,0,,,,,0,0,0,,,,
2026-08-04,2026-08-04,"FilipZ | Traffic | Page likes",inactive,"1-day click",,,0,0,,"Using ad set budget",0,0,Prebieha,0,0,,,,,0,0,0,,,,
2026-08-03,2026-08-03,"(H) Promo postu",inactive,"7-day click or 1-day view",,,0,0,,"Using ad set budget",0,0,2026-06-29,0,0,,,,,0,0,0,,,,
2026-08-03,2026-08-03,"(H) Konverze",active,"7-day click, 1-day view, or 1-day engaged-view",6,actions:offsite_conversion.fb_pixel_purchase,2720,1.84375,5.10333333,"Using ad set budget",0,30.62,Prebieha,5015,6.105683,80,,0.38275,1.595214,192,3.828514,0.159479,53,0.577736,,
2026-08-03,2026-08-03,"Filip | Sales | RMKT",inactive,"7-day click or 1-day engaged-view",,,0,0,,"Using ad set budget",0,0,Prebieha,0,0,,,,,0,0,0,,,,
2026-08-03,2026-08-03,"FilipZ | Sales | TOF",inactive,"Multiple attribution settings",,,0,0,,"Using ad set budget",0,0,Prebieha,0,0,,,,,0,0,0,,,,
2026-08-03,2026-08-03,"FilipZ | Traffic | LPV",inactive,"7-day click or 1-day view",,,0,0,,"Using ad set budget",0,0,Prebieha,0,0,,,,,0,0,0,,,,
2026-08-03,2026-08-03,"FilipZ | Traffic | Page likes",inactive,"1-day click",,,0,0,,"Using ad set budget",0,0,Prebieha,0,0,,,,,0,0,0,,,,
2026-08-02,2026-08-02,"(H) Promo postu",inactive,"7-day click or 1-day view",,,0,0,,"Using ad set budget",0,0,2026-06-29,0,0,,,,,0,0,0,,,,
2026-08-02,2026-08-02,"(H) Konverze",active,"7-day click, 1-day view, or 1-day engaged-view",4,actions:offsite_conversion.fb_pixel_purchase,3176,1.900819,10.6075,"Using ad set budget",0,42.43,Prebieha,6037,7.028325,86,,0.493372,1.424549,217,3.594501,0.19553,50,0.8486,,
2026-08-02,2026-08-02,"Filip | Sales | RMKT",inactive,"7-day click or 1-day engaged-view",,,0,0,,"Using ad set budget",0,0,Prebieha,0,0,,,,,0,0,0,,,,
2026-08-02,2026-08-02,"FilipZ | Sales | TOF",inactive,"Multiple attribution settings",,,0,0,,"Using ad set budget",0,0,Prebieha,0,0,,,,,0,0,0,,,,
2026-08-02,2026-08-02,"FilipZ | Traffic | LPV",inactive,"7-day click or 1-day view",,,0,0,,"Using ad set budget",0,0,Prebieha,0,0,,,,,0,0,0,,,,
2026-08-02,2026-08-02,"FilipZ | Traffic | Page likes",inactive,"1-day click",,,0,0,,"Using ad set budget",0,0,Prebieha,0,0,,,,,0,0,0,,,,
2026-08-01,2026-08-01,"(H) Promo postu",inactive,"7-day click or 1-day view",,,0,0,,"Using ad set budget",0,0,2026-06-29,0,0,,,,,0,0,0,,,,
2026-08-01,2026-08-01,"(H) Konverze",active,"7-day click, 1-day view, or 1-day engaged-view",4,actions:offsite_conversion.fb_pixel_purchase,3234,1.694805,9.3975,"Using ad set budget",0,37.59,Prebieha,5481,6.858238,114,,0.329737,2.079912,237,4.324028,0.158608,64,0.587344,,
2026-08-01,2026-08-01,"Filip | Sales | RMKT",inactive,"7-day click or 1-day engaged-view",,,0,0,,"Using ad set budget",0,0,Prebieha,0,0,,,,,0,0,0,,,,
2026-08-01,2026-08-01,"FilipZ | Sales | TOF",inactive,"Multiple attribution settings",,,0,0,,"Using ad set budget",0,0,Prebieha,0,0,,,,,0,0,0,,,,
2026-08-01,2026-08-01,"FilipZ | Traffic | LPV",inactive,"7-day click or 1-day view",,,0,0,,"Using ad set budget",0,0,Prebieha,0,0,,,,,0,0,0,,,,
2026-08-01,2026-08-01,"FilipZ | Traffic | Page likes",inactive,"1-day click",,,0,0,,"Using ad set budget",0,0,Prebieha,0,0,,,,,0,0,0,,,,
2026-07-31,2026-07-31,"(H) Promo postu",inactive,"7-day click or 1-day view",,,0,0,,"Using ad set budget",0,0,2026-06-29,0,0,,,,,0,0,0,,,,
2026-07-31,2026-07-31,"(H) Konverze",active,"7-day click, 1-day view, or 1-day engaged-view",4,actions:offsite_conversion.fb_pixel_purchase,3673,1.436428,8.035,"Using ad set budget",0,32.14,Prebieha,5276,6.091736,117,,0.274701,2.217589,315,5.970432,0.102032,66,0.48697,,
2026-07-31,2026-07-31,"Filip | Sales | RMKT",inactive,"7-day click or 1-day engaged-view",,,0,0,,"Using ad set budget",0,0,Prebieha,0,0,,,,,0,0,0,,,,
2026-07-31,2026-07-31,"FilipZ | Sales | TOF",inactive,"Multiple attribution settings",,,0,0,,"Using ad set budget",0,0,Prebieha,0,0,,,,,0,0,0,,,,
2026-07-31,2026-07-31,"FilipZ | Traffic | LPV",inactive,"7-day click or 1-day view",,,0,0,,"Using ad set budget",0,0,Prebieha,0,0,,,,,0,0,0,,,,
2026-07-31,2026-07-31,"FilipZ | Traffic | Page likes",inactive,"1-day click",,,0,0,,"Using ad set budget",0,0,Prebieha,0,0,,,,,0,0,0,,,,
2026-07-30,2026-07-30,"(H) Promo postu",inactive,"7-day click or 1-day view",,,0,0,,"Using ad set budget",0,0,2026-06-29,0,0,,,,,0,0,0,,,,
2026-07-30,2026-07-30,"(H) Konverze",active,"7-day click, 1-day view, or 1-day engaged-view",2,actions:offsite_conversion.fb_pixel_purchase,3250,1.656923,13.605,"Using ad set budget",0,27.21,Prebieha,5385,5.052925,79,,0.34443,1.467038,237,4.401114,0.11481,47,0.578936,,
2026-07-30,2026-07-30,"Filip | Sales | RMKT",inactive,"7-day click or 1-day engaged-view",,,0,0,,"Using ad set budget",0,0,Prebieha,0,0,,,,,0,0,0,,,,
2026-07-30,2026-07-30,"FilipZ | Sales | TOF",inactive,"Multiple attribution settings",,,0,0,,"Using ad set budget",0,0,Prebieha,0,0,,,,,0,0,0,,,,
2026-07-30,2026-07-30,"FilipZ | Traffic | LPV",inactive,"7-day click or 1-day view",,,0,0,,"Using ad set budget",0,0,Prebieha,0,0,,,,,0,0,0,,,,
2026-07-30,2026-07-30,"FilipZ | Traffic | Page likes",inactive,"1-day click",,,0,0,,"Using ad set budget",0,0,Prebieha,0,0,,,,,0,0,0,,,,
2026-07-29,2026-07-29,"(H) Promo postu",inactive,"7-day click or 1-day view",,,0,0,,"Using ad set budget",0,0,2026-06-29,0,0,,,,,0,0,0,,,,
2026-07-29,2026-07-29,"(H) Konverze",active,"7-day click, 1-day view, or 1-day engaged-view",,,2925,1.708034,,"Using ad set budget",0,29.31,Prebieha,4996,5.866693,65,,0.450923,1.301041,191,3.823058,0.153456,40,0.73275,,
2026-07-29,2026-07-29,"Filip | Sales | RMKT",inactive,"7-day click or 1-day engaged-view",,,0,0,,"Using ad set budget",0,0,Prebieha,0,0,,,,,0,0,0,,,,
2026-07-29,2026-07-29,"FilipZ | Sales | TOF",inactive,"Multiple attribution settings",,,0,0,,"Using ad set budget",0,0,Prebieha,0,0,,,,,0,0,0,,,,
2026-07-29,2026-07-29,"FilipZ | Traffic | LPV",inactive,"7-day click or 1-day view",,,0,0,,"Using ad set budget",0,0,Prebieha,0,0,,,,,0,0,0,,,,
2026-07-29,2026-07-29,"FilipZ | Traffic | Page likes",inactive,"1-day click",,,0,0,,"Using ad set budget",0,0,Prebieha,0,0,,,,,0,0,0,,,,
2026-07-28,2026-07-28,"(H) Promo postu",inactive,"7-day click or 1-day view",,,0,0,,"Using ad set budget",0,0,2026-06-29,0,0,,,,,0,0,0,,,,
2026-07-28,2026-07-28,"(H) Konverze",active,"7-day click, 1-day view, or 1-day engaged-view",3,actions:offsite_conversion.fb_pixel_purchase,2874,2.044885,12.16333333,"Using ad set budget",0,36.49,Prebieha,5877,6.20895,113,,0.32292,1.92275,235,3.998639,0.155277,67,0.544627,,
2026-07-28,2026-07-28,"Filip | Sales | RMKT",inactive,"7-day click or 1-day engaged-view",,,0,0,,"Using ad set budget",0,0,Prebieha,0,0,,,,,0,0,0,,,,
2026-07-28,2026-07-28,"FilipZ | Sales | TOF",inactive,"Multiple attribution settings",,,0,0,,"Using ad set budget",0,0,Prebieha,0,0,,,,,0,0,0,,,,
2026-07-28,2026-07-28,"FilipZ | Traffic | LPV",inactive,"7-day click or 1-day view",,,0,0,,"Using ad set budget",0,0,Prebieha,0,0,,,,,0,0,0,,,,
2026-07-28,2026-07-28,"FilipZ | Traffic | Page likes",inactive,"1-day click",,,0,0,,"Using ad set budget",0,0,Prebieha,0,0,,,,,0,0,0,,,,
2026-07-27,2026-07-27,"(H) Promo postu",inactive,"7-day click or 1-day view",,,0,0,,"Using ad set budget",0,0,2026-06-29,0,0,,,,,0,0,0,,,,
2026-07-27,2026-07-27,"(H) Konverze",active,"7-day click, 1-day view, or 1-day engaged-view",2,actions:offsite_conversion.fb_pixel_purchase,2821,1.979794,15.67,"Using ad set budget",0,31.34,Prebieha,5585,5.611459,72,,0.435278,1.289167,151,2.703671,0.20755,43,0.728837,,
2026-07-27,2026-07-27,"Filip | Sales | RMKT",inactive,"7-day click or 1-day engaged-view",,,0,0,,"Using ad set budget",0,0,Prebieha,0,0,,,,,0,0,0,,,,
2026-07-27,2026-07-27,"FilipZ | Sales | TOF",inactive,"Multiple attribution settings",,,0,0,,"Using ad set budget",0,0,Prebieha,0,0,,,,,0,0,0,,,,
2026-07-27,2026-07-27,"FilipZ | Traffic | LPV",inactive,"7-day click or 1-day view",,,0,0,,"Using ad set budget",0,0,Prebieha,0,0,,,,,0,0,0,,,,
2026-07-27,2026-07-27,"FilipZ | Traffic | Page likes",inactive,"1-day click",,,0,0,,"Using ad set budget",0,0,Prebieha,0,0,,,,,0,0,0,,,,
2026-07-26,2026-07-26,"(H) Promo postu",inactive,"7-day click or 1-day view",,,0,0,,"Using ad set budget",0,0,2026-06-29,0,0,,,,,0,0,0,,,,
2026-07-26,2026-07-26,"(H) Konverze",active,"7-day click, 1-day view, or 1-day engaged-view",1,actions:offsite_conversion.fb_pixel_purchase,2661,2.027058,29.12,"Using ad set budget",0,29.12,Prebieha,5394,5.398591,65,,0.448,1.205043,123,2.280311,0.236748,46,0.633043,,
2026-07-26,2026-07-26,"Filip | Sales | RMKT",inactive,"7-day click or 1-day engaged-view",,,0,0,,"Using ad set budget",0,0,Prebieha,0,0,,,,,0,0,0,,,,
2026-07-26,2026-07-26,"FilipZ | Sales | TOF",inactive,"Multiple attribution settings",,,0,0,,"Using ad set budget",0,0,Prebieha,0,0,,,,,0,0,0,,,,
2026-07-26,2026-07-26,"FilipZ | Traffic | LPV",inactive,"7-day click or 1-day view",,,0,0,,"Using ad set budget",0,0,Prebieha,0,0,,,,,0,0,0,,,,
2026-07-26,2026-07-26,"FilipZ | Traffic | Page likes",inactive,"1-day click",,,0,0,,"Using ad set budget",0,0,Prebieha,0,0,,,,,0,0,0,,,,
2026-07-25,2026-07-25,"(H) Promo postu",inactive,"7-day click or 1-day view",,,0,0,,"Using ad set budget",0,0,2026-06-29,0,0,,,,,0,0,0,,,,
2026-07-25,2026-07-25,"(H) Konverze",active,"7-day click, 1-day view, or 1-day engaged-view",1,actions:offsite_conversion.fb_pixel_purchase,2276,2.08304,26.1,"Using ad set budget",0,26.1,Prebieha,4741,5.505168,43,,0.606977,0.906982,110,2.320186,0.237273,41,0.636585,,
2026-07-25,2026-07-25,"Filip | Sales | RMKT",inactive,"7-day click or 1-day engaged-view",,,0,0,,"Using ad set budget",0,0,Prebieha,0,0,,,,,0,0,0,,,,
2026-07-25,2026-07-25,"FilipZ | Sales | TOF",inactive,"Multiple attribution settings",,,0,0,,"Using ad set budget",0,0,Prebieha,0,0,,,,,0,0,0,,,,
2026-07-25,2026-07-25,"FilipZ | Traffic | LPV",inactive,"7-day click or 1-day view",,,0,0,,"Using ad set budget",0,0,Prebieha,0,0,,,,,0,0,0,,,,
2026-07-25,2026-07-25,"FilipZ | Traffic | Page likes",inactive,"1-day click",,,0,0,,"Using ad set budget",0,0,Prebieha,0,0,,,,,0,0,0,,,,
2026-07-24,2026-07-24,"(H) Promo postu",inactive,"7-day click or 1-day view",,,0,0,,"Using ad set budget",0,0,2026-06-29,0,0,,,,,0,0,0,,,,
2026-07-24,2026-07-24,"(H) Konverze",active,"7-day click, 1-day view, or 1-day engaged-view",2,actions:offsite_conversion.fb_pixel_purchase,2326,1.938521,12.725,"Using ad set budget",0,25.45,Prebieha,4509,5.644267,39,,0.652564,0.864937,78,1.729874,0.326282,30,0.848333,,
2026-07-24,2026-07-24,"Filip | Sales | RMKT",inactive,"7-day click or 1-day engaged-view",,,0,0,,"Using ad set budget",0,0,Prebieha,0,0,,,,,0,0,0,,,,
2026-07-24,2026-07-24,"FilipZ | Sales | TOF",inactive,"Multiple attribution settings",,,0,0,,"Using ad set budget",0,0,Prebieha,0,0,,,,,0,0,0,,,,
2026-07-24,2026-07-24,"FilipZ | Traffic | LPV",inactive,"7-day click or 1-day view",,,0,0,,"Using ad set budget",0,0,Prebieha,0,0,,,,,0,0,0,,,,
2026-07-24,2026-07-24,"FilipZ | Traffic | Page likes",inactive,"1-day click",,,0,0,,"Using ad set budget",0,0,Prebieha,0,0,,,,,0,0,0,,,,
2026-07-23,2026-07-23,"(H) Promo postu",inactive,"7-day click or 1-day view",,,0,0,,"Using ad set budget",0,0,2026-06-29,0,0,,,,,0,0,0,,,,
2026-07-23,2026-07-23,"(H) Konverze",active,"7-day click, 1-day view, or 1-day engaged-view",2,actions:offsite_conversion.fb_pixel_purchase,2431,2.117236,15.615,"Using ad set budget",0,31.23,Prebieha,5147,6.067612,62,,0.50371,1.204585,112,2.176025,0.278839,56,0.557679,,
2026-07-23,2026-07-23,"Filip | Sales | RMKT",inactive,"7-day click or 1-day engaged-view",,,0,0,,"Using ad set budget",0,0,Prebieha,0,0,,,,,0,0,0,,,,
2026-07-23,2026-07-23,"FilipZ | Sales | TOF",inactive,"Multiple attribution settings",,,0,0,,"Using ad set budget",0,0,Prebieha,0,0,,,,,0,0,0,,,,
2026-07-23,2026-07-23,"FilipZ | Traffic | LPV",inactive,"7-day click or 1-day view",,,0,0,,"Using ad set budget",0,0,Prebieha,0,0,,,,,0,0,0,,,,
2026-07-23,2026-07-23,"FilipZ | Traffic | Page likes",inactive,"1-day click",,,0,0,,"Using ad set budget",0,0,Prebieha,0,0,,,,,0,0,0,,,,
2026-07-22,2026-07-22,"(H) Promo postu",inactive,"7-day click or 1-day view",,,0,0,,"Using ad set budget",0,0,2026-06-29,0,0,,,,,0,0,0,,,,
2026-07-22,2026-07-22,"(H) Konverze",active,"7-day click, 1-day view, or 1-day engaged-view",3,actions:offsite_conversion.fb_pixel_purchase,2795,1.941324,11.55333333,"Using ad set budget",0,34.66,Prebieha,5426,6.387763,69,,0.502319,1.271655,180,3.317361,0.192556,41,0.845366,,
2026-07-22,2026-07-22,"Filip | Sales | RMKT",inactive,"7-day click or 1-day engaged-view",,,0,0,,"Using ad set budget",0,0,Prebieha,0,0,,,,,0,0,0,,,,
2026-07-22,2026-07-22,"FilipZ | Sales | TOF",inactive,"Multiple attribution settings",,,0,0,,"Using ad set budget",0,0,Prebieha,0,0,,,,,0,0,0,,,,
2026-07-22,2026-07-22,"FilipZ | Traffic | LPV",inactive,"7-day click or 1-day view",,,0,0,,"Using ad set budget",0,0,Prebieha,0,0,,,,,0,0,0,,,,
2026-07-22,2026-07-22,"FilipZ | Traffic | Page likes",inactive,"1-day click",,,0,0,,"Using ad set budget",0,0,Prebieha,0,0,,,,,0,0,0,,,,
2026-07-21,2026-07-21,"(H) Promo postu",inactive,"7-day click or 1-day view",,,0,0,,"Using ad set budget",0,0,2026-06-29,0,0,,,,,0,0,0,,,,
2026-07-21,2026-07-21,"(H) Konverze",active,"7-day click, 1-day view, or 1-day engaged-view",4,actions:offsite_conversion.fb_pixel_purchase,2640,1.947727,8.0175,"Using ad set budget",0,32.07,Prebieha,5142,6.236873,72,,0.445417,1.400233,147,2.85881,0.218163,55,0.583091,,
2026-07-21,2026-07-21,"Filip | Sales | RMKT",inactive,"7-day click or 1-day engaged-view",,,0,0,,"Using ad set budget",0,0,Prebieha,0,0,,,,,0,0,0,,,,
2026-07-21,2026-07-21,"FilipZ | Sales | TOF",inactive,"Multiple attribution settings",,,0,0,,"Using ad set budget",0,0,Prebieha,0,0,,,,,0,0,0,,,,
2026-07-21,2026-07-21,"FilipZ | Traffic | LPV",inactive,"7-day click or 1-day view",,,0,0,,"Using ad set budget",0,0,Prebieha,0,0,,,,,0,0,0,,,,
2026-07-21,2026-07-21,"FilipZ | Traffic | Page likes",inactive,"1-day click",,,0,0,,"Using ad set budget",0,0,Prebieha,0,0,,,,,0,0,0,,,,
2026-07-20,2026-07-20,"(H) Promo postu",inactive,"7-day click or 1-day view",,,0,0,,"Using ad set budget",0,0,2026-06-29,0,0,,,,,0,0,0,,,,
2026-07-20,2026-07-20,"(H) Konverze",active,"7-day click, 1-day view, or 1-day engaged-view",2,actions:offsite_conversion.fb_pixel_purchase,3251,1.916641,15.565,"Using ad set budget",0,31.13,Prebieha,6231,4.995988,85,,0.366235,1.364147,189,3.033221,0.164709,62,0.502097,,
2026-07-20,2026-07-20,"Filip | Sales | RMKT",inactive,"7-day click or 1-day engaged-view",,,0,0,,"Using ad set budget",0,0,Prebieha,0,0,,,,,0,0,0,,,,
2026-07-20,2026-07-20,"FilipZ | Sales | TOF",inactive,"Multiple attribution settings",,,0,0,,"Using ad set budget",0,0,Prebieha,0,0,,,,,0,0,0,,,,
2026-07-20,2026-07-20,"FilipZ | Traffic | LPV",inactive,"7-day click or 1-day view",,,0,0,,"Using ad set budget",0,0,Prebieha,0,0,,,,,0,0,0,,,,
2026-07-20,2026-07-20,"FilipZ | Traffic | Page likes",inactive,"1-day click",,,0,0,,"Using ad set budget",0,0,Prebieha,0,0,,,,,0,0,0,,,,
2026-07-19,2026-07-19,"(H) Promo postu",inactive,"7-day click or 1-day view",,,0,0,,"Using ad set budget",0,0,2026-06-29,0,0,,,,,0,0,0,,,,
2026-07-19,2026-07-19,"(H) Konverze",active,"7-day click, 1-day view, or 1-day engaged-view",2,actions:offsite_conversion.fb_pixel_purchase,3319,1.785779,15.625,"Using ad set budget",0,31.25,Prebieha,5927,5.272482,75,,0.416667,1.265396,202,3.408132,0.154703,53,0.589623,,
2026-07-19,2026-07-19,"Filip | Sales | RMKT",inactive,"7-day click or 1-day engaged-view",,,0,0,,"Using ad set budget",0,0,Prebieha,0,0,,,,,0,0,0,,,,
2026-07-19,2026-07-19,"FilipZ | Sales | TOF",inactive,"Multiple attribution settings",,,0,0,,"Using ad set budget",0,0,Prebieha,0,0,,,,,0,0,0,,,,
2026-07-19,2026-07-19,"FilipZ | Traffic | LPV",inactive,"7-day click or 1-day view",,,0,0,,"Using ad set budget",0,0,Prebieha,0,0,,,,,0,0,0,,,,
2026-07-19,2026-07-19,"FilipZ | Traffic | Page likes",inactive,"1-day click",,,0,0,,"Using ad set budget",0,0,Prebieha,0,0,,,,,0,0,0,,,,
2026-07-18,2026-07-18,"(H) Promo postu",inactive,"7-day click or 1-day view",,,0,0,,"Using ad set budget",0,0,2026-06-29,0,0,,,,,0,0,0,,,,
2026-07-18,2026-07-18,"(H) Konverze",active,"7-day click, 1-day view, or 1-day engaged-view",2,actions:offsite_conversion.fb_pixel_purchase,2047,1.718124,9.775,"Using ad set budget",0,19.55,Prebieha,3517,5.558715,56,,0.349107,1.592266,147,4.179699,0.132993,29,0.674138,,
2026-07-18,2026-07-18,"Filip | Sales | RMKT",inactive,"7-day click or 1-day engaged-view",,,0,0,,"Using ad set budget",0,0,Prebieha,0,0,,,,,0,0,0,,,,
2026-07-18,2026-07-18,"FilipZ | Sales | TOF",inactive,"Multiple attribution settings",,,0,0,,"Using ad set budget",0,0,Prebieha,0,0,,,,,0,0,0,,,,
2026-07-18,2026-07-18,"FilipZ | Traffic | LPV",inactive,"7-day click or 1-day view",,,0,0,,"Using ad set budget",0,0,Prebieha,0,0,,,,,0,0,0,,,,
2026-07-18,2026-07-18,"FilipZ | Traffic | Page likes",inactive,"1-day click",,,0,0,,"Using ad set budget",0,0,Prebieha,0,0,,,,,0,0,0,,,,
2026-07-17,2026-07-17,"(H) Promo postu",inactive,"7-day click or 1-day view",,,0,0,,"Using ad set budget",0,0,2026-06-29,0,0,,,,,0,0,0,,,,
2026-07-17,2026-07-17,"(H) Konverze",active,"7-day click, 1-day view, or 1-day engaged-view",3,actions:offsite_conversion.fb_pixel_purchase,3817,1.708148,10.64,"Using ad set budget",0,31.92,Prebieha,6520,4.895706,117,,0.272821,1.794479,376,5.766871,0.084894,60,0.532,,
2026-07-17,2026-07-17,"Filip | Sales | RMKT",inactive,"7-day click or 1-day engaged-view",,,0,0,,"Using ad set budget",0,0,Prebieha,0,0,,,,,0,0,0,,,,
2026-07-17,2026-07-17,"FilipZ | Sales | TOF",inactive,"Multiple attribution settings",,,0,0,,"Using ad set budget",0,0,Prebieha,0,0,,,,,0,0,0,,,,
2026-07-17,2026-07-17,"FilipZ | Traffic | LPV",inactive,"7-day click or 1-day view",,,0,0,,"Using ad set budget",0,0,Prebieha,0,0,,,,,0,0,0,,,,
2026-07-17,2026-07-17,"FilipZ | Traffic | Page likes",inactive,"1-day click",,,0,0,,"Using ad set budget",0,0,Prebieha,0,0,,,,,0,0,0,,,,
2026-07-16,2026-07-16,"(H) Promo postu",inactive,"7-day click or 1-day view",,,0,0,,"Using ad set budget",0,0,2026-06-29,0,0,,,,,0,0,0,,,,
2026-07-16,2026-07-16,"(H) Konverze",active,"7-day click, 1-day view, or 1-day engaged-view",7,actions:offsite_conversion.fb_pixel_purchase,4841,1.85313,5.69142857,"Using ad set budget",0,39.84,Prebieha,8971,4.440976,105,,0.379429,1.170438,373,4.157842,0.10681,56,0.711429,,
2026-07-16,2026-07-16,"Filip | Sales | RMKT",inactive,"7-day click or 1-day engaged-view",,,0,0,,"Using ad set budget",0,0,Prebieha,0,0,,,,,0,0,0,,,,
2026-07-16,2026-07-16,"FilipZ | Sales | TOF",inactive,"Multiple attribution settings",,,0,0,,"Using ad set budget",0,0,Prebieha,0,0,,,,,0,0,0,,,,
2026-07-16,2026-07-16,"FilipZ | Traffic | LPV",inactive,"7-day click or 1-day view",,,0,0,,"Using ad set budget",0,0,Prebieha,0,0,,,,,0,0,0,,,,
2026-07-16,2026-07-16,"FilipZ | Traffic | Page likes",inactive,"1-day click",,,0,0,,"Using ad set budget",0,0,Prebieha,0,0,,,,,0,0,0,,,,
2026-07-15,2026-07-15,"(H) Promo postu",inactive,"7-day click or 1-day view",,,0,0,,"Using ad set budget",0,0,2026-06-29,0,0,,,,,0,0,0,,,,
2026-07-15,2026-07-15,"(H) Konverze",active,"7-day click, 1-day view, or 1-day engaged-view",4,actions:offsite_conversion.fb_pixel_purchase,3495,2.088126,9.1325,"Using ad set budget",0,36.53,Prebieha,7298,5.005481,83,,0.44012,1.137298,168,2.302001,0.21744,56,0.652321,,
2026-07-15,2026-07-15,"Filip | Sales | RMKT",inactive,"7-day click or 1-day engaged-view",,,0,0,,"Using ad set budget",0,0,Prebieha,0,0,,,,,0,0,0,,,,
2026-07-15,2026-07-15,"FilipZ | Sales | TOF",inactive,"Multiple attribution settings",,,0,0,,"Using ad set budget",0,0,Prebieha,0,0,,,,,0,0,0,,,,
2026-07-15,2026-07-15,"FilipZ | Traffic | LPV",inactive,"7-day click or 1-day view",,,0,0,,"Using ad set budget",0,0,Prebieha,0,0,,,,,0,0,0,,,,
2026-07-15,2026-07-15,"FilipZ | Traffic | Page likes",inactive,"1-day click",,,0,0,,"Using ad set budget",0,0,Prebieha,0,0,,,,,0,0,0,,,,
2026-07-14,2026-07-14,"(H) Promo postu",inactive,"7-day click or 1-day view",,,0,0,,"Using ad set budget",0,0,2026-06-29,0,0,,,,,0,0,0,,,,
2026-07-14,2026-07-14,"(H) Konverze",active,"7-day click, 1-day view, or 1-day engaged-view",,,3995,1.969462,,"Using ad set budget",0,38.31,Prebieha,7868,4.86909,65,,0.589385,0.826131,140,1.779359,0.273643,39,0.982308,,
2026-07-14,2026-07-14,"Filip | Sales | RMKT",inactive,"7-day click or 1-day engaged-view",,,0,0,,"Using ad set budget",0,0,Prebieha,0,0,,,,,0,0,0,,,,
2026-07-14,2026-07-14,"FilipZ | Sales | TOF",inactive,"Multiple attribution settings",,,0,0,,"Using ad set budget",0,0,Prebieha,0,0,,,,,0,0,0,,,,
2026-07-14,2026-07-14,"FilipZ | Traffic | LPV",inactive,"7-day click or 1-day view",,,0,0,,"Using ad set budget",0,0,Prebieha,0,0,,,,,0,0,0,,,,
2026-07-14,2026-07-14,"FilipZ | Traffic | Page likes",inactive,"1-day click",,,0,0,,"Using ad set budget",0,0,Prebieha,0,0,,,,,0,0,0,,,,
2026-07-13,2026-07-13,"(H) Promo postu",inactive,"7-day click or 1-day view",,,0,0,,"Using ad set budget",0,0,2026-06-29,0,0,,,,,0,0,0,,,,
2026-07-13,2026-07-13,"(H) Konverze",active,"7-day click, 1-day view, or 1-day engaged-view",4,actions:offsite_conversion.fb_pixel_purchase,4094,1.871031,8.5325,"Using ad set budget",0,34.13,Prebieha,7660,4.455614,70,,0.487571,0.913838,144,1.879896,0.237014,49,0.696531,,
2026-07-13,2026-07-13,"Filip | Sales | RMKT",inactive,"7-day click or 1-day engaged-view",,,0,0,,"Using ad set budget",0,0,Prebieha,0,0,,,,,0,0,0,,,,
2026-07-13,2026-07-13,"FilipZ | Sales | TOF",inactive,"Multiple attribution settings",,,0,0,,"Using ad set budget",0,0,Prebieha,0,0,,,,,0,0,0,,,,
2026-07-13,2026-07-13,"FilipZ | Traffic | LPV",inactive,"7-day click or 1-day view",,,0,0,,"Using ad set budget",0,0,Prebieha,0,0,,,,,0,0,0,,,,
2026-07-13,2026-07-13,"FilipZ | Traffic | Page likes",inactive,"1-day click",,,0,0,,"Using ad set budget",0,0,Prebieha,0,0,,,,,0,0,0,,,,
2026-07-12,2026-07-12,"(H) Promo postu",inactive,"7-day click or 1-day view",,,0,0,,"Using ad set budget",0,0,2026-06-29,0,0,,,,,0,0,0,,,,
2026-07-12,2026-07-12,"(H) Konverze",active,"7-day click, 1-day view, or 1-day engaged-view",5,actions:offsite_conversion.fb_pixel_purchase,3515,1.900996,7.036,"Using ad set budget",0,35.18,Prebieha,6682,5.264891,76,,0.462895,1.137384,158,2.364562,0.222658,57,0.617193,,
2026-07-12,2026-07-12,"Filip | Sales | RMKT",inactive,"7-day click or 1-day engaged-view",,,0,0,,"Using ad set budget",0,0,Prebieha,0,0,,,,,0,0,0,,,,
2026-07-12,2026-07-12,"FilipZ | Sales | TOF",inactive,"Multiple attribution settings",,,0,0,,"Using ad set budget",0,0,Prebieha,0,0,,,,,0,0,0,,,,
2026-07-12,2026-07-12,"FilipZ | Traffic | LPV",inactive,"7-day click or 1-day view",,,0,0,,"Using ad set budget",0,0,Prebieha,0,0,,,,,0,0,0,,,,
2026-07-12,2026-07-12,"FilipZ | Traffic | Page likes",inactive,"1-day click",,,0,0,,"Using ad set budget",0,0,Prebieha,0,0,,,,,0,0,0,,,,
2026-07-11,2026-07-11,"(H) Promo postu",inactive,"7-day click or 1-day view",,,0,0,,"Using ad set budget",0,0,2026-06-29,0,0,,,,,0,0,0,,,,
2026-07-11,2026-07-11,"(H) Konverze",active,"7-day click, 1-day view, or 1-day engaged-view",2,actions:offsite_conversion.fb_pixel_purchase,2906,1.95148,15,"Using ad set budget",0,30,Prebieha,5671,5.290072,61,,0.491803,1.075648,134,2.362899,0.223881,40,0.75,,
2026-07-11,2026-07-11,"Filip | Sales | RMKT",inactive,"7-day click or 1-day engaged-view",,,0,0,,"Using ad set budget",0,0,Prebieha,0,0,,,,,0,0,0,,,,
2026-07-11,2026-07-11,"FilipZ | Sales | TOF",inactive,"Multiple attribution settings",,,0,0,,"Using ad set budget",0,0,Prebieha,0,0,,,,,0,0,0,,,,
2026-07-11,2026-07-11,"FilipZ | Traffic | LPV",inactive,"7-day click or 1-day view",,,0,0,,"Using ad set budget",0,0,Prebieha,0,0,,,,,0,0,0,,,,
2026-07-11,2026-07-11,"FilipZ | Traffic | Page likes",inactive,"1-day click",,,0,0,,"Using ad set budget",0,0,Prebieha,0,0,,,,,0,0,0,,,,
2026-07-10,2026-07-10,"(H) Promo postu",inactive,"7-day click or 1-day view",,,0,0,,"Using ad set budget",0,0,2026-06-29,0,0,,,,,0,0,0,,,,
2026-07-10,2026-07-10,"(H) Konverze",active,"7-day click, 1-day view, or 1-day engaged-view",2,actions:offsite_conversion.fb_pixel_purchase,3706,1.972747,17.625,"Using ad set budget",0,35.25,Prebieha,7311,4.821502,82,,0.429878,1.121598,166,2.270551,0.212349,55,0.640909,,
2026-07-10,2026-07-10,"Filip | Sales | RMKT",inactive,"7-day click or 1-day engaged-view",,,0,0,,"Using ad set budget",0,0,Prebieha,0,0,,,,,0,0,0,,,,
2026-07-10,2026-07-10,"FilipZ | Sales | TOF",inactive,"Multiple attribution settings",,,0,0,,"Using ad set budget",0,0,Prebieha,0,0,,,,,0,0,0,,,,
2026-07-10,2026-07-10,"FilipZ | Traffic | LPV",inactive,"7-day click or 1-day view",,,0,0,,"Using ad set budget",0,0,Prebieha,0,0,,,,,0,0,0,,,,
2026-07-10,2026-07-10,"FilipZ | Traffic | Page likes",inactive,"1-day click",,,0,0,,"Using ad set budget",0,0,Prebieha,0,0,,,,,0,0,0,,,,
